‘000000’,’John Doe’,’johndoe0000’,’123 W 116th St NY’,
‘000001’,’Alex’,’try19970228’,’44 W 100th St NY’,’000001’,
‘000002’,’Bob’,’wciqu32i7y9’,’232 E 135th St NY’,’000002’,
‘000003’,’Cecelia’,’bxaisudt6j39’,’156 W 109th St NY,000003’,
‘000004’,’Dan’,’nqkjwnxsn23’,’87 W 109th St NY’,’000004’,
‘000005’,’Eli’,’n2198dhjbxa’,’300 E 55th St NY’,’000005’,
‘000006’,’Frank’,’3972bdjsxbq’,’133 W 46th St NY’,’000006’,
‘000007’,’George’,’swhkqs12op2’,’287 W 108th St NY’,’000007’,
‘000008’,’Helen’,’dewk2oieq20’,’245 W 109th St NY’,’000008’,
‘000009’,’Ivy’,’sbqi21178ds’,’79 E 98th St NY’,’000009’,
‘000010’,’Jack’,’21ousn1u3io’,’555 W 110th St NY’,’000010’,